<?xml version="1.0"?>
<!-- SP-NTX Liveries; Based on Pilot2938s work.-->
<PropertyList>
 <sim> 
  <model>
   <livery>
    <name type="string">31.BLT 3.ELT QH, "100th anniversary"</name>
    <texture>Liveries/Block50/03-0050.png</texture>
    <owner type="string">PolAF</owner>
    <pilot type="string"></pilot>
    <scheme type="string">Special Color</scheme>
    <block type="int">52</block>
    <serial type="string">03-0050</serial>
    <squad type="string">3.ELT</squad>
    <year type="string">2019</year>
   </livery>
   
   <livery-logo>
    <texture>Liveries/standard.logos.black.png</texture>
   </livery-logo>

   <livery-patch>
      <texture>Liveries/Block50/patch.polaf.png</texture>
  </livery-patch>

  <livery-pod>
        <texture>Armament/External-stores/MXU-648.png</texture>
    </livery-pod>

        <f16>
            <dragchute type="bool">true</dragchute>
            <cft type="bool">false</cft>
        </f16>
        <livery-specular type="double">0.5</livery-specular>
  </model>
 </sim>
</PropertyList>
